1,Boy,Darington,bdarington0@nature.com
2,Arther,Verrier,averrier1@imgur.com
3,Susan,Gaddes,sgaddes2@ucsd.edu
4,Conn,Kopelman,ckopelman3@mit.edu
5,Wright,Lathbury,wlathbury4@netscape.com
6,Renaud,Agirre,ragirre5@tiny.cc
7,Ham,Pargent,hpargent6@people.com.cn
8,Burnaby,Stoves,bstoves7@unblog.fr
9,Way,Swindlehurst,wswindlehurst8@samsung.com
10,Marty,Matthis,mmatthis9@spotify.com
11,Ileane,Byart,ibyarta@pbs.org
12,Judie,Suddick,jsuddickb@jiathis.com
13,Normand,Eckery,neckeryc@xrea.com
14,Kesley,Spreadbury,kspreadburyd@apple.com
15,Valaria,Shirlaw,vshirlawe@ed.gov
16,Hally,Paye,hpayef@tiny.cc
17,Dania,Rollason,drollasong@wix.com
18,Davida,Peegrem,dpeegremh@github.io
19,Wolfgang,Joncic,wjoncici@wikipedia.org
20,Morena,McCaughey,mmccaugheyj@mail.ru
21,Barclay,Jaksic,bjaksick@google.com.hk
22,Franzen,Napoleon,fnapoleonl@mashable.com
23,Daphne,Jillins,djillinsm@about.me
24,Elna,Withey,ewitheyn@scribd.com
25,Doreen,Browse,dbrowseo@bing.com
26,Halsy,Tight,htightp@360.cn
27,Daniele,Eyles,deylesq@cargocollective.com
28,Lucky,Diemer,ldiemerr@yahoo.co.jp
29,Lev,Klimentov,lklimentovs@soup.io
30,Clerkclaude,Etty,cettyt@thetimes.co.uk
31,Kirby,Olesen,kolesenu@mysql.com
32,Benedicta,Eich,beichv@tinypic.com
33,Bibby,Scothorne,bscothornew@patch.com
34,Mignonne,Collihole,mcolliholex@shinystat.com
35,Arte,Thackwray,athackwrayy@nydailynews.com
36,Jenine,Lafond,jlafondz@barnesandnoble.com
37,Estrella,Pemble,epemble10@unc.edu
38,Shalne,Tatem,statem11@de.vu
39,Koral,Matresse,kmatresse12@hostgator.com
40,Elroy,MacUchadair,emacuchadair13@gnu.org
41,Florella,Labarre,flabarre14@google.es
42,Lynde,de Najera,ldenajera15@livejournal.com
43,Gerhard,McLernon,gmclernon16@wikispaces.com
44,Tedmund,Flinn,tflinn17@rakuten.co.jp
45,Wernher,Mariner,wmariner18@mashable.com
46,Emlyn,Fonzone,efonzone19@si.edu
47,Golda,Attarge,gattarge1a@jiathis.com
48,Fayth,Lockie,flockie1b@unicef.org
49,Brittan,Pavlishchev,bpavlishchev1c@twitter.com
50,Lorianna,Alcoran,lalcoran1d@stumbleupon.com
51,Rosana,Luscott,rluscott1e@vkontakte.ru
52,Cherrita,Ruff,cruff1f@admin.ch
53,Lukas,Jurgen,ljurgen1g@51.la
54,Regina,Gillson,rgillson1h@shareasale.com
55,Margarette,Bugby,mbugby1i@ed.gov
56,Adoree,Youtead,ayoutead1j@economist.com
57,Tan,Gage,tgage1k@epa.gov
58,Brewster,Summerell,bsummerell1l@google.de
59,Leonore,Muckersie,lmuckersie1m@printfriendly.com
60,Bobby,Coxhead,bcoxhead1n@nhs.uk
61,Ches,de Grey,cdegrey1o@purevolume.com
62,Clarice,Paolacci,cpaolacci1p@cargocollective.com
63,Brear,Bossel,bbossel1q@i2i.jp
64,Tiffy,Congreve,tcongreve1r@whitehouse.gov
65,Abner,Cloke,acloke1s@netvibes.com
66,Loy,Spelsbury,lspelsbury1t@springer.com
67,Pearl,Sunners,psunners1u@homestead.com
68,Orson,Reams,oreams1v@geocities.jp
69,Adiana,Bagley,abagley1w@bloglines.com
70,Patsy,Bracegirdle,pbracegirdle1x@xing.com
71,Obidiah,Healings,ohealings1y@ask.com
72,Lindsy,Stangoe,lstangoe1z@cam.ac.uk
73,Robinson,Jakubovits,rjakubovits20@prnewswire.com
74,Alli,Ivanchikov,aivanchikov21@eepurl.com
75,Maurene,Whorton,mwhorton22@howstuffworks.com
76,Tommy,Gregan,tgregan23@phoca.cz
77,Phebe,Albertson,palbertson24@ask.com
78,Gayla,Po,gpo25@si.edu
79,Kendre,Lough,klough26@china.com.cn
80,Ario,Blessed,ablessed27@pinterest.com
81,Zita,Vise,zvise28@blog.com
82,Cymbre,Ellwood,cellwood29@sciencedirect.com
83,Neil,Margram,nmargram2a@cafepress.com
84,Francyne,Duester,fduester2b@google.com.br
85,Timofei,Kempston,tkempston2c@china.com.cn
86,Jarad,Toner,jtoner2d@fotki.com
87,Zelma,Jefferies,zjefferies2e@ifeng.com
88,Lise,Morphew,lmorphew2f@friendfeed.com
89,Emelita,Sayles,esayles2g@imdb.com
90,Even,Dorber,edorber2h@apple.com
91,Drusie,Nicolls,dnicolls2i@behance.net
92,Charisse,Benettini,cbenettini2j@tmall.com
93,Rachael,Jansa,rjansa2k@mit.edu
94,Kristan,Fordyce,kfordyce2l@stanford.edu
95,Hanna,Cassels,hcassels2m@usnews.com
96,Valle,Caseborne,vcaseborne2n@yandex.ru
97,Kain,Doyley,kdoyley2o@princeton.edu
98,Jobey,Harding,jharding2p@imgur.com
99,Chane,Gerty,cgerty2q@plala.or.jp
100,Osbert,Escalante,oescalante2r@wordpress.org
101,Kathryne,Medway,kmedway2s@nydailynews.com
102,Bronny,Selkirk,bselkirk2t@google.com.hk
103,Lyndell,Philipeaux,lphilipeaux2u@timesonline.co.uk
104,Chicky,Sodor,csodor2v@goodreads.com
105,Mahmud,Bilbey,mbilbey2w@google.nl
106,Berkeley,Shimmings,bshimmings2x@fema.gov
107,Nealy,Roy,nroy2y@sciencedaily.com
108,Gunilla,Peris,gperis2z@alibaba.com
109,Darrell,Duinkerk,dduinkerk30@auda.org.au
110,Nari,Birdwhistle,nbirdwhistle31@privacy.gov.au
111,Page,Matantsev,pmatantsev32@wufoo.com
112,Bianka,Blei,bblei33@clickbank.net
113,Morrie,Leggitt,mleggitt34@wix.com
114,Wallis,Shackleford,wshackleford35@miibeian.gov.cn
115,Homere,Braemer,hbraemer36@wordpress.org
116,Hunt,Thewless,hthewless37@discuz.net
117,Alister,Ellesmere,aellesmere38@howstuffworks.com
118,Jenn,Delete,jdelete39@reddit.com
119,Dickie,Speers,dspeers3a@chron.com
120,Ruben,Easterfield,reasterfield3b@pbs.org
121,Kirbie,Stallebrass,kstallebrass3c@hao123.com
122,Vallie,Glamart,vglamart3d@163.com
123,Rance,Bamber,rbamber3e@usgs.gov
124,Farleigh,Mulqueeny,fmulqueeny3f@istockphoto.com
125,Lutero,Jay,ljay3g@cnn.com
126,Demott,Skeel,dskeel3h@nps.gov
127,Doug,Treagus,dtreagus3i@creativecommons.org
128,Dorita,Harrad,dharrad3j@latimes.com
129,Charles,Krol,ckrol3k@tripadvisor.com
130,Ara,Wybern,awybern3l@earthlink.net
131,Shanta,Luciani,sluciani3m@timesonline.co.uk
132,Hope,McNeish,hmcneish3n@acquirethisname.com
133,Frasier,Ownsworth,fownsworth3o@businesswire.com
134,Brianne,Marin,bmarin3p@gnu.org
135,Elena,Plumptre,eplumptre3q@youtube.com
136,Tonya,Pyle,tpyle3r@hhs.gov
137,Wolfgang,Brum,wbrum3s@examiner.com
138,Barclay,Kilian,bkilian3t@springer.com
139,Lindy,Broadway,lbroadway3u@ucsd.edu
140,Judith,Cavan,jcavan3v@amazon.co.jp
141,Renell,Pilfold,rpilfold3w@un.org
142,Kari,Phelipeau,kphelipeau3x@wordpress.org
143,Morton,Lembrick,mlembrick3y@woothemes.com
144,Rosalinda,Carslake,rcarslake3z@printfriendly.com
145,Ronny,Romeuf,rromeuf40@msu.edu
146,Kelvin,Hawk,khawk41@opera.com
147,Hamlin,Chopy,hchopy42@cnbc.com
148,Rebekah,MacLeod,rmacleod43@dedecms.com
149,Pierson,Matkin,pmatkin44@webeden.co.uk
150,Delmor,Blazic,dblazic45@dion.ne.jp
151,Ronny,Labrom,rlabrom46@arizona.edu
152,Beryl,Sebert,bsebert47@infoseek.co.jp
153,Lynsey,Vedmore,lvedmore48@com.com
154,Con,Bartczak,cbartczak49@github.com
155,Johann,Harrigan,jharrigan4a@bloomberg.com
156,Evan,Moon,emoon4b@newyorker.com
157,Jeramey,Goves,jgoves4c@typepad.com
158,Lonna,Angove,langove4d@discovery.com
159,Karel,Pardue,kpardue4e@techcrunch.com
160,Vere,Curley,vcurley4f@printfriendly.com
161,Allyn,Gianni,agianni4g@youtu.be
162,Justin,Strathdee,jstrathdee4h@digg.com
163,Aristotle,Etoile,aetoile4i@hibu.com
164,Lisa,Morriarty,lmorriarty4j@delicious.com
165,Elset,Philimore,ephilimore4k@shareasale.com
166,Dayle,Trevett,dtrevett4l@mac.com
167,Angelique,Casewell,acasewell4m@usnews.com
168,Paolo,Stickley,pstickley4n@va.gov
169,Stace,Gianolini,sgianolini4o@weibo.com
170,Xerxes,Wesker,xwesker4p@jiathis.com
171,Dierdre,Walsham,dwalsham4q@forbes.com
172,Ariel,Behnke,abehnke4r@about.me
173,Trisha,Jensen,tjensen4s@umn.edu
174,Justino,Portis,jportis4t@pagesperso-orange.fr
175,Graehme,Stocky,gstocky4u@marketwatch.com
176,Gay,Streader,gstreader4v@irs.gov
177,Melisent,Windless,mwindless4w@goodreads.com
178,Wynnie,Rounding,wrounding4x@tuttocitta.it
179,Chester,Dreinan,cdreinan4y@reverbnation.com
180,Ynes,Sherar,ysherar4z@ftc.gov
181,Magda,Thoresbie,mthoresbie50@statcounter.com
182,Jud,Akers,jakers51@ibm.com
183,Tobin,Docker,tdocker52@whitehouse.gov
184,Anselma,Durning,adurning53@utexas.edu
185,Beverie,Blackney,bblackney54@goo.ne.jp
186,Boycey,Unsworth,bunsworth55@timesonline.co.uk
187,Glyn,Feaveryear,gfeaveryear56@businessinsider.com
188,Will,Lambkin,wlambkin57@barnesandnoble.com
189,Danyette,Rizzone,drizzone58@walmart.com
190,Shirl,Sattin,ssattin59@rakuten.co.jp
191,Annabal,Rowney,arowney5a@weather.com
192,Luci,Gauden,lgauden5b@businessweek.com
193,Dania,Shotbolt,dshotbolt5c@ucsd.edu
194,Annmarie,Balchen,abalchen5d@amazon.co.uk
195,Abelard,Haseley,ahaseley5e@posterous.com
196,Murdoch,Emmins,memmins5f@oakley.com
197,Lynnelle,Poulston,lpoulston5g@wufoo.com
198,Thoma,Winyard,twinyard5h@hubpages.com
199,Stearne,Cawthorne,scawthorne5i@nationalgeographic.com
200,Rickie,Took,rtook5j@edublogs.org
201,Sharai,Blasing,sblasing5k@google.com.au
202,Rudiger,Giamo,rgiamo5l@apple.com
203,Farrell,Wannell,fwannell5m@delicious.com
204,Kerry,Kebell,kkebell5n@xing.com
205,Rycca,Pettett,rpettett5o@g.co
206,Wallas,Carillo,wcarillo5p@ifeng.com
207,Marlo,Benion,mbenion5q@clickbank.net
208,Clayson,Danzig,cdanzig5r@ox.ac.uk
209,Dee,Dowbiggin,ddowbiggin5s@drupal.org
210,Meg,MacKibbon,mmackibbon5t@mysql.com
211,Joya,Kindell,jkindell5u@ebay.com
212,Giraldo,Durn,gdurn5v@gov.uk
213,Roslyn,Momery,rmomery5w@marketwatch.com
214,Sallyann,Nekrews,snekrews5x@hhs.gov
215,Colene,Morilla,cmorilla5y@geocities.com
216,Sibley,Shinfield,sshinfield5z@delicious.com
217,Mervin,Jochen,mjochen60@live.com
218,Giralda,Osbidston,gosbidston61@aboutads.info
219,Vallie,Aaron,vaaron62@tinypic.com
220,Natassia,Entreis,nentreis63@ebay.com
221,Moselle,Mully,mmully64@hud.gov
222,Keary,Reason,kreason65@purevolume.com
223,Hobey,Broomhead,hbroomhead66@ca.gov
224,Mason,Martin,mmartin67@globo.com
225,Floris,Shalders,fshalders68@tripadvisor.com
226,Ferrell,Jovicic,fjovicic69@hp.com
227,Nichole,Skeete,nskeete6a@dedecms.com
228,Jordan,Rue,jrue6b@forbes.com
229,Peg,Blick,pblick6c@miitbeian.gov.cn
230,Reider,Corneljes,rcorneljes6d@accuweather.com
231,Roxie,Lusted,rlusted6e@so-net.ne.jp
232,Hayes,MacCahee,hmaccahee6f@arizona.edu
233,Denni,Constant,dconstant6g@samsung.com
234,Pincus,Fautley,pfautley6h@amazon.de
235,Alphonso,Remon,aremon6i@1und1.de
236,Bel,Shenley,bshenley6j@prweb.com
237,Fiona,Massimi,fmassimi6k@nydailynews.com
238,Georgine,Beckley,gbeckley6l@harvard.edu
239,Hendrika,Cawthorn,hcawthorn6m@discuz.net
240,Renell,Mokes,rmokes6n@unicef.org
241,Jermayne,Capron,jcapron6o@netscape.com
242,Beatrisa,Friel,bfriel6p@yandex.ru
243,Byram,Fryett,bfryett6q@wikispaces.com
244,Allen,Leasor,aleasor6r@loc.gov
245,Moise,Cappineer,mcappineer6s@wikimedia.org
246,Garv,Walley,gwalley6t@dmoz.org
247,Devy,Canet,dcanet6u@pcworld.com
248,Godfree,Normabell,gnormabell6v@bigcartel.com
249,Clayton,Tunn,ctunn6w@diigo.com
250,Helge,Bunning,hbunning6x@storify.com
251,Cathee,Whales,cwhales6y@si.edu
252,Burnaby,Surtees,bsurtees6z@indiegogo.com
253,Roch,MacDwyer,rmacdwyer70@cnet.com
254,Imelda,Durrand,idurrand71@ed.gov
255,Selena,Bellinger,sbellinger72@delicious.com
256,Elvin,Lafuente,elafuente73@comcast.net
257,Briney,Varcoe,bvarcoe74@engadget.com
258,Anders,Hartburn,ahartburn75@ted.com
259,Brittan,Joanaud,bjoanaud76@home.pl
260,Gwennie,Coltherd,gcoltherd77@senate.gov
261,Erma,Learmonth,elearmonth78@weebly.com
262,Annmaria,Tabert,atabert79@shop-pro.jp
263,Gabriele,Stockley,gstockley7a@t.co
264,Maiga,Ritzman,mritzman7b@opensource.org
265,Leia,Thom,lthom7c@narod.ru
266,Timothy,Adnam,tadnam7d@japanpost.jp
267,Sandie,Spours,sspours7e@telegraph.co.uk
268,Alvy,Olivera,aolivera7f@upenn.edu
269,Bink,Nowakowski,bnowakowski7g@gizmodo.com
270,Genevra,Lanchester,glanchester7h@webeden.co.uk
271,Torre,Solano,tsolano7i@ebay.com
272,Moyna,Tollmache,mtollmache7j@tamu.edu
273,Ophelia,Raggatt,oraggatt7k@bbb.org
274,Elita,Letty,eletty7l@miitbeian.gov.cn
275,Melessa,People,mpeople7m@mayoclinic.com
276,Dulcine,Stanford,dstanford7n@examiner.com
277,Rosina,Edowes,redowes7o@umich.edu
278,Rodrigo,Spoors,rspoors7p@google.ru
279,Eugenia,Huelin,ehuelin7q@apple.com
280,Franciska,Ackroyd,fackroyd7r@mtv.com
281,Rayshell,Kilfeder,rkilfeder7s@nasa.gov
282,Phip,Ceyssen,pceyssen7t@ted.com
283,Silvanus,Gransden,sgransden7u@furl.net
284,Rycca,Bascombe,rbascombe7v@fc2.com
285,Dillon,Canacott,dcanacott7w@arstechnica.com
286,Shalne,Skyrm,sskyrm7x@npr.org
287,Mandie,Huscroft,mhuscroft7y@jiathis.com
288,Port,Leonida,pleonida7z@army.mil
289,Milicent,Grigoryov,mgrigoryov80@hostgator.com
290,Orton,Elgar,oelgar81@meetup.com
291,Burch,Stubbe,bstubbe82@github.io
292,Meade,Currey,mcurrey83@4shared.com
293,Chad,Papa,cpapa84@mapy.cz
294,Laney,Paudin,lpaudin85@adobe.com
295,Rubina,Messenger,rmessenger86@mlb.com
296,Malvin,Douty,mdouty87@dot.gov
297,Riki,Lardge,rlardge88@ifeng.com
298,Hilliard,Elizabeth,helizabeth89@ca.gov
299,Janek,Brevetor,jbrevetor8a@mozilla.org
300,Luce,MacTague,lmactague8b@google.cn
301,Caro,Sherar,csherar8c@github.com
302,Culley,Markey,cmarkey8d@springer.com
303,Cecile,Hatchell,chatchell8e@japanpost.jp
304,Thibaut,Cufflin,tcufflin8f@home.pl
305,Udell,Davidovics,udavidovics8g@ihg.com
306,Bobinette,Levins,blevins8h@privacy.gov.au
307,Maryanne,Kilbride,mkilbride8i@dyndns.org
308,Georgi,Van den Velde,gvandenvelde8j@prlog.org
309,Trina,Aitkin,taitkin8k@stanford.edu
310,Hedwiga,Pigne,hpigne8l@a8.net
311,Silvain,Craufurd,scraufurd8m@loc.gov
312,Katerine,Skippings,kskippings8n@msu.edu
313,Harriette,Martinson,hmartinson8o@php.net
314,Mirabel,Brewse,mbrewse8p@unicef.org
315,Salomon,Hamlington,shamlington8q@netvibes.com
316,Lorelei,Laval,llaval8r@tinyurl.com
317,Anita,Ashpital,aashpital8s@ebay.co.uk
318,Una,Spon,uspon8t@buzzfeed.com
319,Inna,Akeherst,iakeherst8u@bbb.org
320,Ase,Rickis,arickis8v@gov.uk
321,Tyrus,Billam,tbillam8w@behance.net
322,Tod,De Michetti,tdemichetti8x@weebly.com
323,Gilemette,Dukelow,gdukelow8y@eventbrite.com
324,Sheffy,Jovic,sjovic8z@scribd.com
325,Alene,Woolston,awoolston90@blinklist.com
326,Koressa,Tatteshall,ktatteshall91@businessinsider.com
327,Rowe,Lavelle,rlavelle92@domainmarket.com
328,Filip,Schutt,fschutt93@paypal.com
329,Neysa,Glas,nglas94@intel.com
330,Maynard,Walkley,mwalkley95@webeden.co.uk
331,Viviyan,Chamberlin,vchamberlin96@sciencedaily.com
332,Booth,Ennever,bennever97@exblog.jp
333,Edy,Jagels,ejagels98@hc360.com
334,Vere,Bugdale,vbugdale99@bloglines.com
335,Alphonse,Fylan,afylan9a@buzzfeed.com
336,Kirsten,Curr,kcurr9b@miibeian.gov.cn
337,Ulrike,Wadelin,uwadelin9c@youku.com
338,Tildie,Culvey,tculvey9d@boston.com
339,Alina,Polding,apolding9e@webmd.com
340,Beck,Finlason,bfinlason9f@hatena.ne.jp
341,Jeromy,Etches,jetches9g@mozilla.com
342,Maurita,Castagna,mcastagna9h@gnu.org
343,Felic,Garci,fgarci9i@dot.gov
344,Erastus,Gounard,egounard9j@theguardian.com
345,Xenia,Upson,xupson9k@ft.com
346,Holly,Epinay,hepinay9l@theglobeandmail.com
347,Asher,Carpenter,acarpenter9m@google.com.br
348,Julianne,Filisov,jfilisov9n@wikia.com
349,Farand,Bax,fbax9o@wikispaces.com
350,Jerrold,Bour,jbour9p@twitter.com
351,Vanya,Scotney,vscotney9q@xrea.com
352,Pieter,Rycroft,prycroft9r@facebook.com
353,Brenna,Cuffe,bcuffe9s@unc.edu
354,Haven,Gullen,hgullen9t@imgur.com
355,Ryann,Bunclark,rbunclark9u@wikia.com
356,Auria,Fetherstan,afetherstan9v@istockphoto.com
357,Kelsey,Basillon,kbasillon9w@ucoz.ru
358,Farlay,Tappor,ftappor9x@state.gov
359,Lethia,Ivchenko,livchenko9y@wikimedia.org
360,Katherina,Robers,krobers9z@hhs.gov
361,Fanny,Goodship,fgoodshipa0@amazon.com
362,Cordey,MacFadzean,cmacfadzeana1@flavors.me
363,Carmon,Follet,cfolleta2@altervista.org
364,Harmon,Petrenko,hpetrenkoa3@loc.gov
365,Jacquette,Garred,jgarreda4@yandex.ru
366,Elias,Weond,eweonda5@guardian.co.uk
367,Prudi,Tiffin,ptiffina6@mac.com
368,Falito,Tommis,ftommisa7@1und1.de
369,Lian,Weepers,lweepersa8@homestead.com
370,Gabbie,Neenan,gneenana9@forbes.com
371,Rob,Mc Caughan,rmccaughanaa@ameblo.jp
372,Florida,Orange,forangeab@bbb.org
373,Lonny,Varndell,lvarndellac@imgur.com
374,Costa,Gurwood,cgurwoodad@cornell.edu
375,Neal,Gregon,ngregonae@amazonaws.com
376,Kaylil,Culter,kculteraf@ftc.gov
377,Frank,Edwards,fedwardsag@hao123.com
378,Jobi,Tarply,jtarplyah@macromedia.com
379,Shea,Rudledge,srudledgeai@ycombinator.com
380,Sabra,Vlasyuk,svlasyukaj@apple.com
381,Daryl,McLoughlin,dmcloughlinak@huffingtonpost.com
382,Lemar,Privett,lprivettal@sina.com.cn
383,Noni,Paulack,npaulackam@domainmarket.com
384,Donnie,Gristock,dgristockan@xinhuanet.com
385,Gae,Cracie,gcracieao@wikimedia.org
386,Dolly,Normadell,dnormadellap@imdb.com
387,Kalie,Costen,kcostenaq@foxnews.com
388,Livvy,Mammatt,lmammattar@aol.com
389,Beth,MacComiskey,bmaccomiskeyas@theguardian.com
390,Mercie,Mossom,mmossomat@amazon.de
391,Shandie,Stoite,sstoiteau@mozilla.com
392,Zaccaria,Demeza,zdemezaav@cnet.com
393,Brynne,Trunks,btrunksaw@un.org
394,Marguerite,Pasek,mpasekax@si.edu
395,Daron,Lundberg,dlundbergay@nasa.gov
396,Ram,Pencost,rpencostaz@gravatar.com
397,Arv,Gambrell,agambrellb0@barnesandnoble.com
398,Lilia,Yate,lyateb1@harvard.edu
399,Gustavus,Hitscher,ghitscherb2@so-net.ne.jp
400,Kelley,Wearne,kwearneb3@imageshack.us
401,Jodie,Nannini,jnanninib4@reference.com
402,Rena,Voss,rvossb5@sphinn.com
403,Stanislaw,Keyzor,skeyzorb6@seesaa.net
404,Kerrill,Grasner,kgrasnerb7@ed.gov
405,Cori,Hugle,chugleb8@naver.com
406,Jody,Haywood,jhaywoodb9@answers.com
407,Tucker,Mickan,tmickanba@paginegialle.it
408,Lauralee,O'Dunniom,lodunniombb@booking.com
409,Ray,Leggis,rleggisbc@hugedomains.com
410,Philippine,Shawell,pshawellbd@artisteer.com
411,Madalyn,Shervil,mshervilbe@prlog.org
412,Swen,Fynn,sfynnbf@mysql.com
413,Hartley,McColgan,hmccolganbg@state.gov
414,Glenine,Whiffen,gwhiffenbh@blinklist.com
415,Evangelin,Palphramand,epalphramandbi@livejournal.com
416,Jenda,Issakov,jissakovbj@prweb.com
417,Celestine,Nanelli,cnanellibk@sogou.com
418,Kamillah,MacCrackan,kmaccrackanbl@xrea.com
419,Demetrius,Meggison,dmeggisonbm@google.ca
420,Alden,Mouth,amouthbn@mac.com
421,Egbert,Renhard,erenhardbo@stumbleupon.com
422,Lindsay,Sayers,lsayersbp@intel.com
423,Susi,Woolfall,swoolfallbq@csmonitor.com
424,Ciel,Lubbock,clubbockbr@cisco.com
425,Haleigh,Bolwell,hbolwellbs@umn.edu
426,Faustina,Harbor,fharborbt@wufoo.com
427,Josi,Heffer,jhefferbu@godaddy.com
428,Orion,Wrightam,owrightambv@berkeley.edu
429,Corie,Alliot,calliotbw@reddit.com
430,Freemon,Eckert,feckertbx@bizjournals.com
431,Camellia,Redier,credierby@noaa.gov
432,Shawnee,Coundley,scoundleybz@bing.com
433,Zerk,Dyter,zdyterc0@huffingtonpost.com
434,Blaire,Sackett,bsackettc1@pinterest.com
435,Hakim,Rainy,hrainyc2@google.co.uk
436,Vivi,Allsup,vallsupc3@delicious.com
437,Marla,Doudny,mdoudnyc4@51.la
438,Julieta,Lammerich,jlammerichc5@dropbox.com
439,Barbe,Loughlan,bloughlanc6@cocolog-nifty.com
440,Correna,Fasey,cfaseyc7@webmd.com
441,Coraline,Downham,cdownhamc8@nba.com
442,Noami,Bleue,nbleuec9@sciencedaily.com
443,Kathie,Alexsandrev,kalexsandrevca@fc2.com
444,Norris,Yeo,nyeocb@disqus.com
445,Jordana,Gascone,jgasconecc@hao123.com
446,Magdalene,Loding,mlodingcd@topsy.com
447,Leicester,Widdop,lwiddopce@msn.com
448,Karlan,Gorrie,kgorriecf@infoseek.co.jp
449,Jessee,Hainsworth,jhainsworthcg@indiatimes.com
450,Maisie,Chevis,mchevisch@mlb.com
451,Monique,McClifferty,mmccliffertyci@myspace.com
452,Jeromy,McCorkell,jmccorkellcj@booking.com
453,Humberto,Boutflour,hboutflourck@wunderground.com
454,Stanislaw,Husk,shuskcl@seattletimes.com
455,Curt,Tutton,ctuttoncm@cdbaby.com
456,Benson,Warne,bwarnecn@dyndns.org
457,Laetitia,Leathe,lleatheco@artisteer.com
458,Olenolin,Stiddard,ostiddardcp@zimbio.com
459,Gray,Keech,gkeechcq@bravesites.com
460,Eda,McArtan,emcartancr@scientificamerican.com
461,Kandy,Molineux,kmolineuxcs@bloglines.com
462,Guglielma,Veryard,gveryardct@baidu.com
463,Tildi,Collingridge,tcollingridgecu@salon.com
464,Ambros,Soldan,asoldancv@hhs.gov
465,Barr,Gogan,bgogancw@sina.com.cn
466,Finlay,McLeod,fmcleodcx@vimeo.com
467,Elvina,Kyttor,ekyttorcy@plala.or.jp
468,Leonore,Benthall,lbenthallcz@cocolog-nifty.com
469,Gard,Pink,gpinkd0@state.gov
470,Corabella,Bydaway,cbydawayd1@techcrunch.com
471,Matti,Renad,mrenadd2@google.pl
472,Miran,Kernoghan,mkernoghand3@webmd.com
473,Jessica,Blair,jblaird4@alibaba.com
474,Dennet,Chessor,dchessord5@mapquest.com
475,Christoph,Ughetti,cughettid6@ucoz.ru
476,Ronica,Cunrado,rcunradod7@gmpg.org
477,Laurie,Hardern,lhardernd8@photobucket.com
478,Natala,Mawer,nmawerd9@mail.ru
479,Junia,Bendik,jbendikda@e-recht24.de
480,Haroun,Keave,hkeavedb@bloomberg.com
481,Elias,Granville,egranvilledc@blogspot.com
482,Genna,MacCosto,gmaccostodd@g.co
483,Lammond,Aymes,laymesde@ox.ac.uk
484,Natal,Wisden,nwisdendf@slashdot.org
485,Erv,Escott,eescottdg@intel.com
486,Cord,Eeles,ceelesdh@mit.edu
487,Aleen,McDonand,amcdonanddi@exblog.jp
488,Karita,Slowly,kslowlydj@ow.ly
489,Russ,Fould,rfoulddk@answers.com
490,Mervin,Mottershaw,mmottershawdl@businessweek.com
491,Jenn,Deekes,jdeekesdm@soundcloud.com
492,Karrie,Houldey,khouldeydn@skyrock.com
493,Ruperta,Goncaves,rgoncavesdo@sun.com
494,Joyann,Fogel,jfogeldp@myspace.com
495,Budd,Chalcroft,bchalcroftdq@spotify.com
496,Gennie,Janusz,gjanuszdr@nsw.gov.au
497,Quinton,Pixton,qpixtonds@goo.gl
498,Eulalie,Bratton,ebrattondt@youtu.be
499,Carolan,Hambly,chamblydu@prlog.org
500,Wallie,Piscopiello,wpiscopiellodv@uol.com.br
501,Charline,McIlmurray,cmcilmurraydw@facebook.com
502,Brantley,Chaytor,bchaytordx@wikimedia.org
503,Mano,Shrimpling,mshrimplingdy@marketwatch.com
504,Waldo,Neicho,wneichodz@intel.com
505,Pavia,Babbage,pbabbagee0@myspace.com
506,Adan,Cannicott,acannicotte1@etsy.com
507,Papageno,Swannie,pswanniee2@un.org
508,Garvey,Betjeman,gbetjemane3@forbes.com
509,Valenka,Gonzales,vgonzalese4@cbsnews.com
510,Olympie,Mc Gorley,omcgorleye5@a8.net
511,L;urette,Mc Coughan,lmccoughane6@cnet.com
512,Agnesse,Titherington,atitheringtone7@alibaba.com
513,Nanine,Clemmey,nclemmeye8@oakley.com
514,Lenora,Riby,lribye9@icq.com
515,Rawley,McLeary,rmclearyea@weather.com
516,Lorette,Kincade,lkincadeeb@unc.edu
517,Shaina,Lube,slubeec@merriam-webster.com
518,James,Brimble,jbrimbleed@vimeo.com
519,Gan,Costley,gcostleyee@google.ru
520,Florentia,Coode,fcoodeef@yahoo.com
521,Hailee,Frantzeni,hfrantzenieg@miitbeian.gov.cn
522,Merell,Gorner,mgornereh@addthis.com
523,Hector,Rhubottom,hrhubottomei@merriam-webster.com
524,Cesar,Hillam,chillamej@google.de
525,Kris,Seakes,kseakesek@smugmug.com
526,Hatty,Ivanikhin,hivanikhinel@multiply.com
527,Leonore,Abyss,labyssem@bing.com
528,Jane,Deex,jdeexen@dmoz.org
529,Eimile,Lechmere,elechmereeo@weather.com
530,Florina,Key,fkeyep@wisc.edu
531,Cazzie,Bushel,cbusheleq@miitbeian.gov.cn
532,Chen,Menary,cmenaryer@examiner.com
533,Raquela,Webling,rweblinges@geocities.jp
534,Hurleigh,McMeekin,hmcmeekinet@amazon.com
535,Bettina,Spillane,bspillaneeu@gravatar.com
536,Mic,Kearn,mkearnev@constantcontact.com
537,Kass,Fanning,kfanningew@goodreads.com
538,Giustino,Gamlin,ggamlinex@tumblr.com
539,Julienne,Serjent,jserjentey@networksolutions.com
540,Erin,Pierro,epierroez@deliciousdays.com
541,Viole,Mayling,vmaylingf0@cdbaby.com
542,Kinny,Upham,kuphamf1@wikipedia.org
543,Raff,Nitto,rnittof2@eepurl.com
544,Aldus,Owers,aowersf3@php.net
545,Rosemaria,Elcum,relcumf4@slashdot.org
546,Des,Ivanyukov,divanyukovf5@ucsd.edu
547,Michal,Theobald,mtheobaldf6@amazon.com
548,Ellsworth,Tofpik,etofpikf7@bizjournals.com
549,Antonia,Wedon,awedonf8@google.cn
550,Caryl,Flancinbaum,cflancinbaumf9@bizjournals.com
551,Andrey,Sullens,asullensfa@bloglovin.com
552,Anders,Riby,aribyfb@usda.gov
553,Pepito,Pessel,ppesselfc@posterous.com
554,Onfroi,Clyne,oclynefd@e-recht24.de
555,Isabelita,St. Hill,isthillfe@elegantthemes.com
556,Estel,Alvarez,ealvarezff@seattletimes.com
557,Rowe,Croshaw,rcroshawfg@sitemeter.com
558,Elliot,Housegoe,ehousegoefh@freewebs.com
559,Lenard,Jencken,ljenckenfi@kickstarter.com
560,Cynthia,Hatherleigh,chatherleighfj@sphinn.com
561,Rosetta,Gimber,rgimberfk@nytimes.com
562,Nixie,Cayette,ncayettefl@meetup.com
563,Wilmer,Djurdjevic,wdjurdjevicfm@mashable.com
564,Lezlie,Boscott,lboscottfn@wikimedia.org
565,Adela,Normanvill,anormanvillfo@godaddy.com
566,Murvyn,Cockrell,mcockrellfp@comsenz.com
567,Boycie,Tremoille,btremoillefq@ezinearticles.com
568,Zilvia,Stoneley,zstoneleyfr@is.gd
569,Sherilyn,Danbye,sdanbyefs@rakuten.co.jp
570,Godart,Benting,gbentingft@latimes.com
571,Lyle,Darragon,ldarragonfu@wordpress.org
572,Den,Ash,dashfv@123-reg.co.uk
573,Vania,Geake,vgeakefw@blinklist.com
574,Ranna,Karppi,rkarppifx@mapy.cz
575,Shea,De Domenico,sdedomenicofy@bloomberg.com
576,Maritsa,Cammidge,mcammidgefz@fastcompany.com
577,Jenine,Brookson,jbrooksong0@unicef.org
578,Talya,Pettus,tpettusg1@zimbio.com
579,Rosanne,Lumsdall,rlumsdallg2@mlb.com
580,Aile,Aylmore,aaylmoreg3@usda.gov
581,Obie,Lavens,olavensg4@mashable.com
582,Pembroke,Joyner,pjoynerg5@comsenz.com
583,Candace,Lukasen,clukaseng6@imgur.com
584,Simmonds,Studders,sstuddersg7@gnu.org
585,Broddie,Maccari,bmaccarig8@wunderground.com
586,Leora,Reedshaw,lreedshawg9@dot.gov
587,Bryanty,Philbin,bphilbinga@feedburner.com
588,Myrilla,Morrill,mmorrillgb@woothemes.com
589,Farly,Duplan,fduplangc@omniture.com
590,Gordie,Freschini,gfreschinigd@feedburner.com
591,Bunnie,Grimsley,bgrimsleyge@naver.com
592,Cynde,Trunchion,ctrunchiongf@dedecms.com
593,Wittie,Sneller,wsnellergg@who.int
594,Angus,Allmark,aallmarkgh@go.com
595,Elberta,Matteo,ematteogi@hostgator.com
596,Talbot,Gradon,tgradongj@ocn.ne.jp
597,Piggy,Barrick,pbarrickgk@mlb.com
598,Harriott,Duigenan,hduigenangl@networksolutions.com
599,Lira,Epelett,lepelettgm@virginia.edu
600,Thatcher,Snoddin,tsnoddingn@feedburner.com
601,Bart,Crosham,bcroshamgo@tumblr.com
602,Elmer,Ruse,erusegp@desdev.cn
603,Idell,Chirm,ichirmgq@gov.uk
604,Earl,Gillibrand,egillibrandgr@sbwire.com
605,Lissa,Darwen,ldarwengs@linkedin.com
606,Atlante,Shapcote,ashapcotegt@adobe.com
607,Siffre,Rapa,srapagu@com.com
608,Charlean,Lode,clodegv@home.pl
609,Benjamen,Perse,bpersegw@pagesperso-orange.fr
610,Terry,Stanes,tstanesgx@angelfire.com
611,Ilyse,Lasty,ilastygy@miibeian.gov.cn
612,Kendra,Normaville,knormavillegz@home.pl
613,Timothee,Flukes,tflukesh0@auda.org.au
614,Nowell,Joseland,njoselandh1@wired.com
615,Annie,Shavel,ashavelh2@flavors.me
616,Diena,Baugham,dbaughamh3@mapy.cz
617,Gladys,Cartmel,gcartmelh4@merriam-webster.com
618,Petra,Tesdale,ptesdaleh5@altervista.org
619,Guss,Domotor,gdomotorh6@google.pl
620,Elly,Jane,ejaneh7@ebay.com
621,Marietta,Lodwick,mlodwickh8@theatlantic.com
622,Dell,Lenden,dlendenh9@nps.gov
623,Leroy,Bellfield,lbellfieldha@behance.net
624,Freddy,Leheude,fleheudehb@earthlink.net
625,Winna,Jirusek,wjirusekhc@meetup.com
626,Fields,Stedell,fstedellhd@liveinternet.ru
627,Justen,Renachowski,jrenachowskihe@tripod.com
628,Lyda,Kinze,lkinzehf@histats.com
629,Stephenie,Castelain,scastelainhg@geocities.jp
630,Maison,Nisen,mnisenhh@zimbio.com
631,Fran,Amiranda,famirandahi@webeden.co.uk
632,Ashli,Paulon,apaulonhj@mozilla.org
633,Alanson,Tocque,atocquehk@ucla.edu
634,Adah,Masdon,amasdonhl@yelp.com
635,Lem,Tuddall,ltuddallhm@shinystat.com
636,Britney,Bennitt,bbennitthn@merriam-webster.com
637,Malorie,Giannazzo,mgiannazzoho@php.net
638,Alix,Lavarack,alavarackhp@studiopress.com
639,Heinrik,Bysouth,hbysouthhq@google.fr
640,Siusan,Waliszek,swaliszekhr@free.fr
641,Tabby,Bootton,tboottonhs@ucla.edu
642,Ondrea,Joust,ojoustht@blogtalkradio.com
643,Mark,Harvett,mharvetthu@mediafire.com
644,Missie,Seeborne,mseebornehv@twitpic.com
645,Abrahan,Bruckstein,abrucksteinhw@nhs.uk
646,Manolo,Bewshaw,mbewshawhx@google.cn
647,Stevana,Runciman,sruncimanhy@youtu.be
648,Arley,Semiraz,asemirazhz@archive.org
649,Danya,Woolveridge,dwoolveridgei0@istockphoto.com
650,Gerrie,Offield,goffieldi1@bloglines.com
651,Homere,Keenleyside,hkeenleysidei2@oaic.gov.au
652,Leanna,Dutnall,ldutnalli3@yale.edu
653,Danella,McWhirter,dmcwhirteri4@economist.com
654,Nessi,Stebbings,nstebbingsi5@salon.com
655,Alejandra,Bidnall,abidnalli6@prweb.com
656,Gleda,Vinall,gvinalli7@desdev.cn
657,Kendall,Edwin,kedwini8@istockphoto.com
658,Wendall,Maffetti,wmaffettii9@sogou.com
659,Pansy,Christian,pchristiania@sourceforge.net
660,Robbi,Civitillo,rcivitilloib@canalblog.com
661,Constancy,Ridgley,cridgleyic@pcworld.com
662,Timi,Cale,tcaleid@upenn.edu
663,Jordon,Akram,jakramie@histats.com
664,Sarina,Bedell,sbedellif@virginia.edu
665,Jeramie,Stopp,jstoppig@time.com
666,Teddy,Woodyeare,twoodyeareih@bandcamp.com
667,Alika,Wildt,awildtii@sakura.ne.jp
668,Ruthi,Van Brug,rvanbrugij@wunderground.com
669,Angelique,Houseago,ahouseagoik@telegraph.co.uk
670,Aura,Mellows,amellowsil@nydailynews.com
671,Tessi,Vanyard,tvanyardim@bbb.org
672,Alexia,Manley,amanleyin@mapquest.com
673,Elton,Kennally,ekennallyio@amazon.co.uk
674,Tawnya,MacLese,tmacleseip@squarespace.com
675,Gilly,O'Carrol,gocarroliq@com.com
676,Wendy,Vassall,wvassallir@skyrock.com
677,Morissa,McQuaide,mmcquaideis@umn.edu
678,Mahala,Goundry,mgoundryit@fotki.com
679,Haywood,Wragge,hwraggeiu@paypal.com
680,Heywood,Mullally,hmullallyiv@about.me
681,Dillie,Sporner,dsporneriw@virginia.edu
682,Jennie,Richley,jrichleyix@dagondesign.com
683,Edie,Sealand,esealandiy@google.com.hk
684,Jamill,Playfoot,jplayfootiz@friendfeed.com
685,Hinze,Pallasch,hpallaschj0@bizjournals.com
686,Luis,Derrett,lderrettj1@microsoft.com
687,Nolana,Iowarch,niowarchj2@amazonaws.com
688,Norrie,Ricson,nricsonj3@uiuc.edu
689,Aldon,O'Dwyer,aodwyerj4@fc2.com
690,Jennette,Croall,jcroallj5@google.ru
691,Lucia,Giraudoux,lgiraudouxj6@amazonaws.com
692,Merrielle,Jelf,mjelfj7@dion.ne.jp
693,Kirbie,Geistmann,kgeistmannj8@soundcloud.com
694,Flossie,Laurie,flauriej9@geocities.jp
695,Sawyere,Robelin,srobelinja@usnews.com
696,Mahmoud,Oultram,moultramjb@multiply.com
697,Ferdinande,Filkin,ffilkinjc@4shared.com
698,Jaquenette,Dwyr,jdwyrjd@indiegogo.com
699,Jamie,Upson,jupsonje@bigcartel.com
700,Koren,McRoberts,kmcrobertsjf@nytimes.com
701,Dodie,Banasik,dbanasikjg@merriam-webster.com
702,Astra,McGarel,amcgareljh@prlog.org
703,Arvy,Lord,alordji@unc.edu
704,Cleveland,Sennett,csennettjj@so-net.ne.jp
705,Morley,Zotto,mzottojk@mac.com
706,Jaynell,Casin,jcasinjl@skyrock.com
707,Hunter,Brabbins,hbrabbinsjm@1688.com
708,Ricca,Burgon,rburgonjn@sun.com
709,Maiga,Duns,mdunsjo@jalbum.net
710,Liane,Bottoms,lbottomsjp@google.com.br
711,Leonerd,Simyson,lsimysonjq@census.gov
712,Silvain,Wherrett,swherrettjr@flickr.com
713,Kimberley,Romanini,kromaninijs@usnews.com
714,Rossie,Heath,rheathjt@miibeian.gov.cn
715,Flory,Duguid,fduguidju@washington.edu
716,Guilbert,Boarder,gboarderjv@twitter.com
717,Celine,Cane,ccanejw@example.com
718,Simon,Feldon,sfeldonjx@economist.com
719,Lynea,Burthom,lburthomjy@pbs.org
720,Averell,Edmondson,aedmondsonjz@house.gov
721,Amos,Renault,arenaultk0@myspace.com
722,Maryl,Benettolo,mbenettolok1@squidoo.com
723,Georgia,Ferrea,gferreak2@princeton.edu
724,Ashley,Hyndson,ahyndsonk3@mashable.com
725,Price,Houltham,phoulthamk4@washington.edu
726,Oliver,Tebbet,otebbetk5@stumbleupon.com
727,Starlene,Heads,sheadsk6@photobucket.com
728,Maybelle,Snoxill,msnoxillk7@sun.com
729,Umberto,Stokoe,ustokoek8@trellian.com
730,Denys,Boykett,dboykettk9@123-reg.co.uk
731,Alisun,Bygrave,abygraveka@google.com.hk
732,Chrissy,Bernasek,cbernasekkb@typepad.com
733,Michelle,Grane,mgranekc@hubpages.com
734,Roseanne,Georgius,rgeorgiuskd@rediff.com
735,Elfrida,Funnell,efunnellke@vinaora.com
736,Merrielle,Down,mdownkf@wix.com
737,Archibaldo,Whitcombe,awhitcombekg@exblog.jp
738,Frederick,Inott,finottkh@tumblr.com
739,Legra,Mingardo,lmingardoki@fda.gov
740,Garvin,Bruin,gbruinkj@sourceforge.net
741,Britte,MacCardle,bmaccardlekk@godaddy.com
742,Ferrell,Gout,fgoutkl@samsung.com
743,Rivi,Goldbourn,rgoldbournkm@netlog.com
744,Deeann,Wrought,dwroughtkn@springer.com
745,Eugenius,Werrilow,ewerrilowko@yellowbook.com
746,Valry,Cecchetelli,vcecchetellikp@harvard.edu
747,Rickard,Dubble,rdubblekq@upenn.edu
748,Hertha,Dyshart,hdyshartkr@github.com
749,Reinald,Prime,rprimeks@smugmug.com
750,Robinet,Copes,rcopeskt@merriam-webster.com
751,Elvira,Synnot,esynnotku@imageshack.us
752,Renato,Scriviner,rscrivinerkv@jiathis.com
753,Ina,Lidgertwood,ilidgertwoodkw@squidoo.com
754,Aloisia,Woof,awoofkx@edublogs.org
755,Hinze,Whordley,hwhordleyky@google.nl
756,Ara,Jacquemard,ajacquemardkz@elpais.com
757,Judi,Maunder,jmaunderl0@wufoo.com
758,Ivy,Sliman,islimanl1@geocities.com
759,Ethyl,Sarfati,esarfatil2@blogtalkradio.com
760,Charity,Waddicor,cwaddicorl3@printfriendly.com
761,Valery,Attle,vattlel4@ebay.co.uk
762,Lion,Ianizzi,lianizzil5@plala.or.jp
763,Clevey,Lemar,clemarl6@github.com
764,Cecilio,Ollander,collanderl7@google.de
765,Donnie,Reen,dreenl8@cyberchimps.com
766,Karita,Empleton,kempletonl9@free.fr
767,Tiffany,Whitefoot,twhitefootla@icio.us
768,Viki,Maryin,vmaryinlb@unc.edu
769,Kelly,Vinau,kvinaulc@people.com.cn
770,Hersch,Lever,hleverld@telegraph.co.uk
771,Ulrich,Sonier,usonierle@go.com
772,Tiebold,Byles,tbyleslf@businessweek.com
773,Gabriele,Wormell,gwormelllg@arizona.edu
774,Lida,Tournie,ltournielh@chicagotribune.com
775,Leanor,Huckstepp,lhucksteppli@newyorker.com
776,Ginelle,Capstack,gcapstacklj@xinhuanet.com
777,Jimmie,Fitzsimon,jfitzsimonlk@walmart.com
778,Obadiah,Dionisii,odionisiill@topsy.com
779,Jannel,Larking,jlarkinglm@goo.gl
780,Aubrey,Toye,atoyeln@issuu.com
781,Corissa,Corbitt,ccorbittlo@sciencedirect.com
782,Tibold,Cunniff,tcunnifflp@skype.com
783,Bryanty,Letchmore,bletchmorelq@4shared.com
784,Monty,Champkin,mchampkinlr@dot.gov
785,Christian,Royal,croyalls@ameblo.jp
786,Grenville,Gellion,ggellionlt@yellowpages.com
787,Norby,Cullington,ncullingtonlu@gov.uk
788,Neron,Auston,naustonlv@xinhuanet.com
789,Alaster,Delagnes,adelagneslw@moonfruit.com
790,Drucy,Ianne,diannelx@biglobe.ne.jp
791,Marlee,Stoven,mstovenly@loc.gov
792,Tammie,Ching,tchinglz@chron.com
793,Thea,Haste,thastem0@ustream.tv
794,Pebrook,Tash,ptashm1@jimdo.com
795,Cheslie,Feenan,cfeenanm2@unblog.fr
796,Margery,Pharo,mpharom3@exblog.jp
797,Gradeigh,Sachno,gsachnom4@epa.gov
798,Marlo,Folli,mfollim5@gov.uk
799,Arnie,Sambiedge,asambiedgem6@flavors.me
800,Tomi,Schimmang,tschimmangm7@sohu.com
801,Francine,Blamire,fblamirem8@mozilla.org
802,Patience,Jarry,pjarrym9@cdc.gov
803,Arlinda,Normavill,anormavillma@mozilla.org
804,Babbie,Ducroe,bducroemb@unesco.org
805,Becca,Philott,bphilottmc@usda.gov
806,Rosemarie,Shapter,rshaptermd@businesswire.com
807,Katheryn,Faux,kfauxme@goo.gl
808,Vin,Records,vrecordsmf@cdc.gov
809,Trevar,Ilsley,tilsleymg@hatena.ne.jp
810,Kimberlyn,Aujouanet,kaujouanetmh@amazonaws.com
811,Arlan,Bucher,abuchermi@furl.net
812,Codi,Waistall,cwaistallmj@nydailynews.com
813,Cassey,Rosenhaus,crosenhausmk@paginegialle.it
814,Inger,Scally,iscallyml@jugem.jp
815,Sorcha,Pyke,spykemm@yellowpages.com
816,Carmelia,McWilliams,cmcwilliamsmn@liveinternet.ru
817,Haily,Bauduin,hbauduinmo@bandcamp.com
818,Fran,Cometson,fcometsonmp@51.la
819,Pearce,Cream,pcreammq@shop-pro.jp
820,Ursula,Wilcocks,uwilcocksmr@yolasite.com
821,Anastasie,Pentelo,apenteloms@bizjournals.com
822,Pate,Turnbull,pturnbullmt@desdev.cn
823,Ronna,Dono,rdonomu@theatlantic.com
824,Dionysus,Lavielle,dlaviellemv@ibm.com
825,Liva,Zuker,lzukermw@imageshack.us
826,Jasun,Franzelini,jfranzelinimx@sogou.com
827,Worthy,Slatten,wslattenmy@ifeng.com
828,Nicolais,Adamkiewicz,nadamkiewiczmz@adobe.com
829,Preston,Vines,pvinesn0@cloudflare.com
830,Lizzy,Sturton,lsturtonn1@hostgator.com
831,Danika,Twigley,dtwigleyn2@simplemachines.org
832,Salome,Gilchrist,sgilchristn3@amazon.de
833,Kean,Valentin,kvalentinn4@dion.ne.jp
834,Ferrell,Kobes,fkobesn5@stanford.edu
835,Ramonda,Lemerie,rlemerien6@xing.com
836,Tamma,Charlson,tcharlsonn7@soundcloud.com
837,Colby,Kik,ckikn8@networksolutions.com
838,Mace,Beldum,mbeldumn9@irs.gov
839,Roxana,Marcombe,rmarcombena@pcworld.com
840,Christophorus,Nunns,cnunnsnb@prnewswire.com
841,Keene,Basini-Gazzi,kbasinigazzinc@amazon.com
842,Kinna,Nice,knicend@wunderground.com
843,Leonardo,Blodgett,lblodgettne@yale.edu
844,Marley,Sysland,msyslandnf@histats.com
845,Dionisio,de Lloyd,ddelloydng@paginegialle.it
846,Avery,Tzarkov,atzarkovnh@harvard.edu
847,Olimpia,Polglase,opolglaseni@unesco.org
848,Minnaminnie,Gerauld,mgerauldnj@taobao.com
849,Anastasie,Tomkies,atomkiesnk@shop-pro.jp
850,Urbanus,Dukes,udukesnl@live.com
851,Prince,Peinton,ppeintonnm@vistaprint.com
852,Thaxter,Shillabeer,tshillabeernn@statcounter.com
853,Cordey,Jauncey,cjaunceyno@tmall.com
854,Cherri,Ygou,cygounp@harvard.edu
855,Fenelia,Milnthorpe,fmilnthorpenq@usda.gov
856,Marysa,Gatherer,mgatherernr@amazon.de
857,Elga,Oatley,eoatleyns@ezinearticles.com
858,Gusta,Saylor,gsaylornt@wired.com
859,Gardie,Ornells,gornellsnu@nsw.gov.au
860,Lauraine,Verbeek,lverbeeknv@sciencedaily.com
861,Daveta,Chinnock,dchinnocknw@huffingtonpost.com
862,Dag,Iori,diorinx@umn.edu
863,Vassily,Domingues,vdominguesny@usnews.com
864,Druci,Quoit,dquoitnz@hubpages.com
865,Del,Piegrome,dpiegromeo0@list-manage.com
866,Michaelina,Rudledge,mrudledgeo1@histats.com
867,Amalia,Sleaford,asleafordo2@webmd.com
868,Chloe,Duding,cdudingo3@intel.com
869,Holmes,Krale,hkraleo4@google.de
870,Gabie,Thickpenny,gthickpennyo5@privacy.gov.au
871,Reese,Tremblet,rtrembleto6@prlog.org
872,Thomasina,Seath,tseatho7@globo.com
873,Blanch,MacArd,bmacardo8@yellowbook.com
874,Shelbi,Kale,skaleo9@unc.edu
875,Giuditta,Barrett,gbarrettoa@reddit.com
876,Emelen,Lackney,elackneyob@house.gov
877,Keeley,Stearndale,kstearndaleoc@china.com.cn
878,Kingsly,Kempstone,kkempstoneod@angelfire.com
879,Minda,Maddie,mmaddieoe@sciencedaily.com
880,Travers,Edess,tedessof@disqus.com
881,Tonya,Blincko,tblinckoog@hibu.com
882,Becka,Meachen,bmeachenoh@bloglines.com
883,Cate,Hampshaw,champshawoi@wired.com
884,Gail,Pepin,gpepinoj@unesco.org
885,Lucina,Beames,lbeamesok@linkedin.com
886,Rona,Glancy,rglancyol@washington.edu
887,Oliy,Litherborough,olitherboroughom@netvibes.com
888,Livvy,Serrels,lserrelson@gmpg.org
889,Giustino,Franzelini,gfranzelinioo@prnewswire.com
890,Humberto,Allans,hallansop@wikia.com
891,Douglas,O'Shaughnessy,doshaughnessyoq@icio.us
892,Aileen,McPhelim,amcphelimor@joomla.org
893,Tiffi,Fawloe,tfawloeos@umich.edu
894,Iolanthe,Jacqueminot,ijacqueminotot@google.com
895,Zachariah,Carvill,zcarvillou@house.gov
896,Aksel,Alen,aalenov@facebook.com
897,Delmer,Nizet,dnizetow@ox.ac.uk
898,Archie,Hawkett,ahawkettox@arizona.edu
899,Matilda,Skitral,mskitraloy@cargocollective.com
900,Edgardo,Moens,emoensoz@theglobeandmail.com
901,Mariette,Iredell,miredellp0@ezinearticles.com
902,Barny,McGonagle,bmcgonaglep1@barnesandnoble.com
903,Alfie,Castanares,acastanaresp2@narod.ru
904,Berry,Loder,bloderp3@xing.com
905,Dena,Goudie,dgoudiep4@facebook.com
906,Marcellina,Scouler,mscoulerp5@scientificamerican.com
907,Sibley,Dobeson,sdobesonp6@mail.ru
908,Delphinia,Portch,dportchp7@wufoo.com
909,Ebba,Boldry,eboldryp8@china.com.cn
910,Kara-lynn,Gronow,kgronowp9@so-net.ne.jp
911,Lidia,Warlton,lwarltonpa@sfgate.com
912,Sharl,Livings,slivingspb@msu.edu
913,Ced,Sinnatt,csinnattpc@homestead.com
914,Torry,Lodge,tlodgepd@wunderground.com
915,Carrie,Sherewood,csherewoodpe@shutterfly.com
916,Titos,Leaver,tleaverpf@archive.org
917,Christine,Provis,cprovispg@wikimedia.org
918,Donaugh,Betteney,dbetteneyph@seesaa.net
919,Blondy,Seabrocke,bseabrockepi@sourceforge.net
920,Antonia,Screas,ascreaspj@java.com
921,Noah,Massel,nmasselpk@trellian.com
922,Freeman,Hablet,fhabletpl@abc.net.au
923,Eada,Dorrell,edorrellpm@hugedomains.com
924,Arlene,Thorrington,athorringtonpn@kickstarter.com
925,Bryon,Hubert,bhubertpo@cpanel.net
926,Philbert,Kenningham,pkenninghampp@elpais.com
927,Yoko,Peacocke,ypeacockepq@fotki.com
928,Levy,Spreckley,lspreckleypr@fastcompany.com
929,Dorrie,Boraston,dborastonps@tinypic.com
930,Ranice,Breach,rbreachpt@simplemachines.org
931,Luci,Lytell,llytellpu@slideshare.net
932,Philippe,Scibsey,pscibseypv@walmart.com
933,Hazel,Swanger,hswangerpw@spiegel.de
934,Lewes,Blazewski,lblazewskipx@bluehost.com
935,Nadya,Clementet,nclementetpy@fastcompany.com
936,Gwenny,Lambourne,glambournepz@alexa.com
937,Bernardine,Zanazzi,bzanazziq0@berkeley.edu
938,Silas,Barlow,sbarlowq1@springer.com
939,Grace,Tench,gtenchq2@amazon.com
940,Janie,Lavery,jlaveryq3@illinois.edu
941,Pen,Roman,promanq4@blogspot.com
942,Annaliese,Gimlet,agimletq5@phoca.cz
943,Rori,Freddi,rfreddiq6@vimeo.com
944,Aldus,Paulot,apaulotq7@youtu.be
945,Foster,Pattrick,fpattrickq8@purevolume.com
946,Dore,Elland,dellandq9@uiuc.edu
947,Granthem,Trustram,gtrustramqa@census.gov
948,Ruby,Mattevi,rmatteviqb@github.io
949,Berky,Bealton,bbealtonqc@istockphoto.com
950,Humbert,Schoenfisch,hschoenfischqd@altervista.org
951,Libbey,Arnott,larnottqe@engadget.com
952,Helyn,Cleef,hcleefqf@wiley.com
953,Bendix,Presslee,bpressleeqg@csmonitor.com
954,Kikelia,Dowzell,kdowzellqh@geocities.jp
955,Jere,Hradsky,jhradskyqi@hibu.com
956,Montague,Prickett,mprickettqj@jalbum.net
957,Rose,Ousley,rousleyqk@cyberchimps.com
958,Herbert,McKernan,hmckernanql@google.com.hk
959,Gearalt,Ricart,gricartqm@mit.edu
960,Creight,Hanne,channeqn@businessinsider.com
961,Hermia,Richarz,hricharzqo@joomla.org
962,Georgiana,Bern,gbernqp@google.ca
963,Valera,Olkowicz,volkowiczqq@moonfruit.com
964,Dolli,Dimnage,ddimnageqr@nytimes.com
965,Xena,Twigge,xtwiggeqs@moonfruit.com
966,Robbyn,Shaddick,rshaddickqt@deliciousdays.com
967,Zitella,Broschke,zbroschkequ@usgs.gov
968,Krista,Burchill,kburchillqv@privacy.gov.au
969,Enid,McGee,emcgeeqw@so-net.ne.jp
970,Sal,Brandom,sbrandomqx@networksolutions.com
971,Corly,Bellocht,cbellochtqy@4shared.com
972,Clarice,Geraudel,cgeraudelqz@umich.edu
973,Kirbie,Minshall,kminshallr0@msn.com
974,Analiese,Abramovic,aabramovicr1@ycombinator.com
975,Joscelin,Gilfoyle,jgilfoyler2@elpais.com
976,Wittie,Behnecke,wbehnecker3@arizona.edu
977,Hervey,Gilgryst,hgilgrystr4@independent.co.uk
978,Wakefield,Itzkovwich,witzkovwichr5@sfgate.com
979,Dorry,Neller,dnellerr6@acquirethisname.com
980,Harri,Renouf,hrenoufr7@dropbox.com
981,Tymon,Macartney,tmacartneyr8@yandex.ru
982,Austina,Wearn,awearnr9@sourceforge.net
983,Roman,Sheldrick,rsheldrickra@usnews.com
984,Lovell,Katte,lkatterb@techcrunch.com
985,Kinsley,Grise,kgriserc@hibu.com
986,Auria,Suett,asuettrd@jalbum.net
987,Felicity,Mc Meekan,fmcmeekanre@vimeo.com
988,Joline,Menhenitt,jmenhenittrf@amazonaws.com
989,Augusto,Krysztofiak,akrysztofiakrg@constantcontact.com
990,Tamas,Farens,tfarensrh@kickstarter.com
991,Rudolf,Duggleby,rdugglebyri@ning.com
992,Caroline,Jerschke,cjerschkerj@flavors.me
993,Danny,Lambert,dlambertrk@rediff.com
994,Kelly,Gomes,kgomesrl@free.fr
995,Wileen,Battleson,wbattlesonrm@jimdo.com
996,Hertha,Lanning,hlanningrn@vistaprint.com
997,Madelina,Hutchason,mhutchasonro@pbs.org
998,Leone,Balling,lballingrp@cafepress.com
999,Katleen,Heyworth,kheyworthrq@lulu.com
1000,Winny,Howroyd,whowroydrr@phpbb.com